1,641
337,296
0,633
1,ZXO3001351
2,ZXO3178894
3,ZXO3314374
7,ZXO3149630
8,ZXO3149697
9,ZXO3149531
10,ZXO3149754
11,ZXO3149721
12,ZXO3178878
13,ZXO3314358
14,CCP1102631
15,ZXO3149580
16,ZXO3149549
17,ZXO3223328
18,033355
19,ZXO0729715
20,CCP1101195
21,CCP0924332
22,CCP0924993
23,CCP0923284
24,CCP0923268
25,CCP1100874
26,CCP0923300
27,033227
28,033389
29,036406
30,CCP1100924
31,ZXO0730275
32,ZXO3314390
33,036067
34,CCP1101583
35,ZXO0730903
36,036326
37,036327
38,036301
39,036153
40,036229
41,036154
42,036042
43,036068
44,036016
45,036322
46,CCP0923888
47,036009
48,ZXO2001675
49,ZXO2001683
50,CCP1102581
51,CCP1102045
52,CCP1671890
53,036138
54,CCP1672021
55,036146
56,036141
57,036412
58,036140
59,ZXO3149606
60,CCP2358588
61,CCP1672575
62,036126
63,CCP1672187
64,036070
65,036347
66,CCP2358646
67,CCP1102557
68,ZXO3250891
69,036453
70,036030
71,CCP1101187
72,CCP0924522
73,CCP1672526
74,CCP1804707
75,CCP1805043
76,ZXO0731224
77,036227
78,036338
79,036337
80,CCP1104421
81,036173
82,036094
83,ZXO2001717
84,ZXO2001725
85,ZXO2001733
86,ZXO2001741
87,ZXO3314242
88,CCP1105055
89,036258
90,036364
91,CCP1804756
92,036014
93,036121
94,036092
95,036183
96,ZXO2001766
97,ZXO0131979
98,ZXO2001774
99,ZXO3149705
100,ZXO0730291
101,036120
102,CCP1102987
103,ZXO2001782
104,036343
105,036344
106,ZXO2001790
107,036185
108,ZXO0730770
109,CCP1671882
110,CCP1672195
111,CCP1673219
112,CCP1672377
113,036213
114,ZXO2001808
115,CCP1104082
116,ZXO2001816
117,036260
118,ZXO2001832
119,036184
120,036160
121,036422
122,CCP1103571
123,CCP1672203
124,CCP1103373
125,CCP1102029
126,CCP1103175
127,CCP2357887
128,CCP1103381
129,CCP1101302
130,CCP2357879
131,CCP1102961
132,CCP0925099
133,036449
134,036081
135,036080
136,ZXO3223351
137,ZXO3195807
138,ZXO3195872
139,ZXO3223369
140,036101
141,036097
142,036096
143,CCP0925230
144,CCP0925248
145,CCP1101864
146,ZXO2001907
147,036134
148,CCP0925453
149,CCP1102243
150,ZXO2001915
151,ZXO2001923
152,CCP1673201
153,CCP1101245
154,CCP0922906
155,036300
156,CCP2358794
157,036025
158,CCP0923052
159,CCP1805209
160,036273
161,ZXO2001931
162,ZXO0729954
163,CCP1804699
164,036362
165,036090
166,036304
167,036095
168,CCP1100916
169,CCP0922971
170,CCP0922955
171,036089
172,CCP0924498
173,CCP0924480
174,CCP2358026
175,ZXO3149655
176,CCP1805142
177,ZXO2001949
178,036202
179,CCP1104223
180,CCP1672005
181,036392
182,ZXO0731190
183,036339
184,ZXO3178845
185,CCP1672468
186,CCP1672872
187,ZXO2001527
188,ZXO3178928
189,036057
190,036055
191,036058
192,036238
193,CCP1101344
194,ZXO2001956
195,ZXO3149598
196,CCP0925222
197,036196
198,036254
199,036268
200,036320
201,036408
202,036129
203,036084
204,036374
205,ZXO3149622
206,CCP0925263
207,ZXO3178910
208,CCP1104124
209,CCP1104090
210,CCP1102664
211,036251
212,ZXO3195864
213,ZXO3002060
214,CCP1104116
215,CCP1104108
216,ZXO3178886
217,ZXO3178829
218,036246
219,036139
220,036234
221,ZXO2001998
222,CCP1102425
223,CCP2110922
224,ZXO3149689
225,CCP0924373
226,036224
227,036128
228,CCP1102771
229,036309
230,036299
231,CCP0924753
232,036100
233,036093
234,CCP0925107
235,036328
236,CCP0924704
237,ZXO2002012
238,CCP0925255
239,ZXO2002020
240,036091
241,036635
242,036105
243,036310
244,036341
245,036200
246,036441
247,036230
248,CCP1804715
249,036263
250,036372
251,CCP1672112
252,ZXO2002046
253,ZXO2002053
254,ZXO2002061
255,ZXO2002079
256,ZXO2002087
257,ZXO0730036
258,ZXO3195880
259,ZXO3000197
260,036432
261,ZXO2002095
262,ZXO2002103
263,ZXO2002111
264,ZXO0730788
265,ZXO0731547
266,ZXO0730861
267,CCP1102227
268,036152
269,036407
270,ZXO2002129
271,CCP0925495
272,CCP0925503
273,036212
274,036109
275,ZXO2001550
276,ZXO3149671
277,036220
278,036194
279,036361
280,ZXO0730572
281,ZXO2002145
282,036199
283,CCP1672120
284,036186
285,036219
286,036302
287,CCP1104652
288,036370
289,CCP2358430
290,036193
291,ZXO3000304
292,ZXO2002152
293,CCP0925701
294,CCP0925693
295,CCP2358711
296,ZXO3149648
297,ZXO3149663
298,036076
299,036116
300,ZXO3149739
301,036442
302,036112
303,036124
304,CCP0924035
305,CCP1672583
306,CCP1102516
307,ZXO2002178
308,036098
309,ZXO2002186
310,CCP1103969
311,ZXO2002202
312,ZXO2002210
313,ZXO3000213
314,ZXO3001120
315,036209
316,036237
317,ZXO0731117
318,036003
319,036002
320,036360
321,036352
322,ZXO2002228
323,ZXO2001568
324,ZXO2002236
325,ZXO2002244
326,ZXO2002251
327,036205
328,CCP0922914
329,036321
330,ZXO3178811
331,CCP1103886
332,036285
333,CCP2357424
334,036450
335,ZXO3000221
336,ZXO3000999
337,ZXO3001005
338,ZXO3001823
339,ZXO2002327
340,036218
341,ZXO2002335
342,036177
343,ZXO3195757
344,036189
345,CCP1104637
346,036435
347,ZXO2800225
348,CCP0922930
349,036293
350,036188
351,CCP0922922
352,CCP0923573
353,CCP1102839
354,ZXO3001260
355,ZXO3001724
356,036052
357,036074
358,ZXO3000668
359,036249
360,036131
361,036250
362,CCP0923011
363,ZXO2002368
364,039060
365,036198
366,ZXO2002376
367,CCP1100908
368,CCP0922880
369,ZXO2002384
370,ZXO0730457
371,ZXO3001179
372,ZXO3178837
373,ZXO2002400
374,ZXO0731059
375,036411
376,CCP1100882
377,CCP2357531
378,ZXO2002418
379,CCP2357630
380,ZXO2001584
381,ZXO3000635
382,CCP1101401
383,CCP1672419
384,CCP1103977
385,CCP1103944
386,CCP1101393
387,CCP0923029
388,CCP1101435
389,ZXO3178902
390,ZXO3178860
391,CCP2357408
392,CCP2357473
393,036006
394,CCP2357382
395,CCP1672179
396,CCP2357390
397,036239
398,CCP0925560
399,036179
400,036443
401,CCP1101971
402,CCP0923870
403,ZXO3149747
404,ZXO3195732
405,CCP1103084
406,036409
407,CCP0925040
408,CCP1672351
409,ZXO2002517
410,CCP0925024
411,ZXO2002525
412,CCP0925552
413,CCP2358265
414,036252
415,ZXO3223336
416,ZXO0731422
417,ZXO0731604
418,ZXO0731612
419,ZXO0731430
420,ZXO2002566
421,CCP0924613
422,ZXO3001732
423,ZXO3001757
424,CCP2358307
425,036334
426,ZXO3000593
427,ZXO3000601
428,036023
429,036027
430,036019
431,036161
432,036022
433,ZXO3000403
434,ZXO3001591
435,036040
436,ZXO0729921
437,ZXO0730002
438,ZXO2800241
439,036038
440,036049
441,CCP1672294
442,ZXO2002582
443,ZXO0131318
444,ZXO2800258
445,036331
446,CCP1101534
447,036117
448,ZXO2002590
449,CCP0924514
450,ZXO2002608
451,CCP1101914
452,CCP0924183
453,CCP0924589
454,CCP0924407
455,036440
456,ZXO0731364
457,CCP1102326
458,CCP1805118
459,CCP1102730
460,ZXO0730218
461,036065
462,CCP0923276
463,CCP0924381
464,ZXO3314226
465,ZXO3314309
466,ZXO0131961
467,ZXO0131862
468,CCP1102276
469,ZXO2800274
470,ZXO3000759
471,CCP0923391
472,CCP0923383
473,CCP0923375
474,CCP1101674
475,CCP1101716
476,CCP0924449
477,ZXO3195914
478,ZXO0730739
479,ZXO3195898
480,CCP2358224
481,CCP2357960
482,CCP0922872
483,CCP1102482
484,CCP0924720
485,ZXO2800282
486,ZXO3000262
487,ZXO2002731
488,ZXO2002749
489,ZXO0729483
490,ZXO0729582
491,036444
492,036424
493,036446
494,ZXO3314184
495,036054
496,036272
497,CCP1103431
498,ZXO3001286
499,ZXO2002756
500,ZXO0730341
501,036427
502,ZXO2002764
503,ZXO0731000
504,036403
505,CCP1102086
506,ZXO2002772
507,036447
508,ZXO3195856
509,CCP1673268
510,ZXO3000908
511,ZXO3000916
512,ZXO2002798
513,ZXO2002806
514,CCP1101450
515,CCP0925081
516,CCP1672450
517,CCP1102094
518,CCP1104348
519,CCP1671957
520,036415
521,036417
522,033285
523,CCP0925768
524,CCP1103704
525,CCP1671841
526,ZXO3250867
527,ZXO2001592
528,ZXO2001600
529,036377
530,036164
531,CCP2357754
532,ZXO2800308
533,ZXO3001922
534,036123
535,036162
536,CCP0925461
537,036414
538,036148
539,036078
540,036077
541,ZXO2002822
542,KT/99/026/036421
543,036083
544,CCP1673177
545,ZXO0731307
546,ZXO2002830
547,036201
548,ZXO0730234
549,036400
550,036288
551,036404
552,036388
553,ZXO2800316
554,ZXO2750396
555,ZXO3000361
556,036383
557,036082
558,CCP1103134
559,036397
560,ZXO0731091
561,036402
562,ZXO2002855
563,ZXO3000288
564,ZXO3000767
565,036391
566,CCP1103472
567,CCP1103464
568,CCP1671742
569,ZXO3000957
570,ZXO3000981
571,036382
572,036381
573,CCP1101096
574,CCP0922989
575,036425
576,036426
577,CCP1103126
578,036280
579,036418
580,036390
581,036375
582,ZXO0730010
583,ZXO3314317
584,ZXO3000395
585,ZXO3000833
586,ZXO3002003
587,ZXO3002011
588,036314
589,036419
590,036455
591,036066
592,CCP1101054
593,036373
594,036051
595,CCP1101492
596,CCP0923714
597,ZXO2001618
598,ZXO2800050
599,ZXO2800332
600,ZXO2800357
601,ZXO3001278
602,036316
603,036281
604,036315
605,ZXO2002863
606,ZXO2002871
607,CCP0923524
608,036286
609,CCP0924431
610,ZXO0731539
611,ZXO0730994
612,ZXO0731232
613,CCP0924043
614,CCP1672393
615,CCP1672286
616,CCP1673185
617,CCP1672385
618,ZXO3314267
622,ZXO3001856
623,ZXO3001898
624,039002
625,ZXO0730507
626,036452
627,036434
628,ZXO3399466
629,ZXO3402823
630,ZXO3409315
631,ZXO3434990
632,ZXO3442092
633,ZXO3398989
634,ZXO3445723
635,ZXO3395233
636,ZXO3400280
637,ZXO3424959
638,ZXO3437258
639,ZXO3399243
