16,ZXO3551777
17,CCP1104785
18,ZXO3551785
19,ZXO3551793
20,ZXO0730960
21,ZXO3551801
22,ZXO3000023
23,CCP1100841
24,CCP0923318
25,CCP0923441
26,ZXO3400496
27,ZXO3551819
28,ZXO2000040
29,CCP1102185
30,ZXO3551827
31,CCP1100965
32,ZXO2750073
33,ZXO2750081
34,ZXO3847282
35,CCP1101484
36,ZXO2000057
37,CCP0925727
38,ZXO2000065
39,CCP1805225
40,ZXO2000073
41,CCP1805217
42,ZXO2000081
43,CCP1672245
44,CCP1672237
45,ZXO2000099
46,ZXO3551835
47,CCP1103811
48,ZXO3551843
49,CCP0925586
50,CCP1805167
51,ZXO3551850
52,CCP0925636
53,ZXO0147652
54,ZXO0145557
55,ZXO3436474
56,CCP1101542
57,ZXO3551868